{
  "num_impressions": 120,
  "num_rows": 993,
  "mrr@5": 0.5355555555555559,
  "recall@5": 0.795079365079365,
  "ndcg@5": 0.5570159389389263,
  "mrr@10": 0.5455753968253971,
  "recall@10": 0.942718253968254,
  "ndcg@10": 0.6195382847115117,
  "mrr@20": 0.5462164224664228,
  "recall@20": 0.9885714285714287,
  "ndcg@20": 0.6372570833246882
}