{
  "tfidf": {
    "num_impressions": 120,
    "num_rows": 993,
    "mrr@5": 0.5355555555555559,
    "recall@5": 0.795079365079365,
    "ndcg@5": 0.5570159389389263,
    "mrr@10": 0.5455753968253971,
    "recall@10": 0.942718253968254,
    "ndcg@10": 0.6195382847115117,
    "mrr@20": 0.5462164224664228,
    "recall@20": 0.9885714285714287,
    "ndcg@20": 0.6372570833246882
  },
  "two_tower": {
    "num_impressions": 120,
    "num_rows": 993,
    "mrr@5": 0.4638888888888891,
    "recall@5": 0.8056944444444445,
    "ndcg@5": 0.5209478260824002,
    "mrr@10": 0.4684920634920637,
    "recall@10": 0.9182142857142856,
    "ndcg@10": 0.5680838028927064,
    "mrr@20": 0.4691865079365081,
    "recall@20": 0.9855952380952381,
    "ndcg@20": 0.5945186816204451
  },
  "absolute_improvement": {
    "mrr@5": -0.07166666666666682,
    "recall@5": 0.010615079365079438,
    "ndcg@5": -0.03606811285652611,
    "mrr@10": -0.07708333333333345,
    "recall@10": -0.02450396825396839,
    "ndcg@10": -0.0514544818188053,
    "mrr@20": -0.07702991452991464,
    "recall@20": -0.0029761904761905766,
    "ndcg@20": -0.042738401704243145
  }
}