{
  "num_impressions": 120,
  "num_rows": 993,
  "mrr@5": 0.4638888888888891,
  "recall@5": 0.8056944444444445,
  "ndcg@5": 0.5209478260824002,
  "mrr@10": 0.4684920634920637,
  "recall@10": 0.9182142857142856,
  "ndcg@10": 0.5680838028927064,
  "mrr@20": 0.4691865079365081,
  "recall@20": 0.9855952380952381,
  "ndcg@20": 0.5945186816204451
}