{
  "device": "mps",
  "pos_weight": 3.772845953002611,
  "train_loss": [
    1.343094564371088,
    1.0908775702607971,
    1.076977299522258,
    1.0614186801847796,
    1.040409496107039,
    1.004983588433631
  ],
  "dev_loss": [
    1.0947912218347418,
    1.0881792723472266,
    1.0915994000698985,
    1.0986710746002581,
    1.1044872100019503,
    1.1146010441362317
  ]
}