{
  "retrieval": {
    "num_impressions": 120,
    "num_rows": 993,
    "mrr@5": 0.5355555555555559,
    "recall@5": 0.795079365079365,
    "ndcg@5": 0.5570159389389263,
    "mrr@10": 0.5455753968253971,
    "recall@10": 0.942718253968254,
    "ndcg@10": 0.6195382847115117,
    "mrr@20": 0.5462164224664228,
    "recall@20": 0.9885714285714287,
    "ndcg@20": 0.6372570833246882
  },
  "reranker": {
    "num_impressions": 120,
    "num_rows": 993,
    "mrr@5": 0.5544444444444446,
    "recall@5": 0.8174404761904762,
    "ndcg@5": 0.5799925004709301,
    "mrr@10": 0.5638492063492067,
    "recall@10": 0.9323015873015873,
    "ndcg@10": 0.6270639886801156,
    "mrr@20": 0.5638492063492067,
    "recall@20": 0.9843253968253969,
    "ndcg@20": 0.6478266713702578
  },
  "absolute_improvement": {
    "mrr@5": 0.018888888888888733,
    "recall@5": 0.022361111111111165,
    "ndcg@5": 0.02297656153200378,
    "mrr@10": 0.018273809523809526,
    "recall@10": -0.01041666666666674,
    "ndcg@10": 0.0075257039686038585,
    "mrr@20": 0.017632783882783887,
    "recall@20": -0.004246031746031775,
    "ndcg@20": 0.010569588045569622
  }
}